Model Name,Metric Name,Average Value,Depth Values,Inference Time
FNN,MSE,0.0009203808149322867,"[[[0.000620186619926244, 0.0009912386303767562, 0.0015982519835233688, 0.00117944844532758, 0.0009650263236835599, 0.0012276899069547653, 0.0012367012677714229, 0.0012047594645991921, 0.001045996556058526, 0.0010373365366831422, 0.0010313758393749595, 0.0010401400504633784, 0.00021730564185418189, 0.00021237839246168733, 0.00019787595374509692]]]",0.01150870756013319
FNN,RMSE,0.02339952066540718,"[[[0.0195146556943655, 0.026699500158429146, 0.03467962145805359, 0.030603107064962387, 0.026540540158748627, 0.027120331302285194, 0.026451025158166885, 0.025298411026597023, 0.023323969915509224, 0.023249348625540733, 0.023133134469389915, 0.023216400295495987, 0.013911074958741665, 0.013974880799651146, 0.013276786543428898]]]",0.01150870756013319
FNN,MaxError,0.2290685772895813,"[[[0.1203722357749939, 0.1599445939064026, 0.2290685772895813, 0.17517387866973877, 0.15987837314605713, 0.17851924896240234, 0.17460733652114868, 0.17249691486358643, 0.15539902448654175, 0.1535496711730957, 0.156133234500885, 0.15073293447494507, 0.06571489572525024, 0.06663784384727478, 0.08434751629829407]]]",0.01150870756013319
FNN,NRMSE,0.0449020080268383,"[[[0.03833650425076485, 0.0515720434486866, 0.061111386865377426, 0.059145715087652206, 0.04918975755572319, 0.04237108677625656, 0.04070449247956276, 0.03877033293247223, 0.03734544292092323, 0.03727534040808678, 0.037085551768541336, 0.037076499313116074, 0.04598918929696083, 0.05107419192790985, 0.04648256301879883]]]",0.01150870756013319
FNN,R2,0.9880796074867249,"[[[0.990630567073822, 0.9855473637580872, 0.980687141418457, 0.9828761219978333, 0.9870639443397522, 0.9882963299751282, 0.9885609149932861, 0.9889494776725769, 0.9895262718200684, 0.9895808696746826, 0.9896399974822998, 0.9896298050880432, 0.9907296299934387, 0.988936185836792, 0.9905391335487366]]]",0.01150870756013319
LSTM,MSE,0.0005240481114014983,"[[[0.00038111634785309434, 0.0006664187530986965, 0.0011601168662309647, 0.0010251483181491494, 0.0006355654913932085, 0.0005341182113625109, 0.0005098403780721128, 0.0005014723283238709, 0.0004357438301667571, 0.0004161072720307857, 0.00041104978299699724, 0.0004157766525167972, 0.0002621951571200043, 0.00025929854018613696, 0.00024675382883287966]]]",0.014314959798939526
LSTM,RMSE,0.021914636716246605,"[[[0.019158370792865753, 0.025351645424962044, 0.03354364633560181, 0.03144489601254463, 0.025007346644997597, 0.022790128365159035, 0.022206246852874756, 0.021889619529247284, 0.0203443244099617, 0.01987779326736927, 0.01972869783639908, 0.019829630851745605, 0.016045378521084785, 0.015938283875584602, 0.0155635429546237]]]",0.014314959798939526
LSTM,MaxError,0.18495362997055054,"[[[0.12400662899017334, 0.1618213653564453, 0.18313539028167725, 0.1685638427734375, 0.18495362997055054, 0.14481407403945923, 0.11615651845932007, 0.12524408102035522, 0.09588891267776489, 0.10522240400314331, 0.11495459079742432, 0.10581320524215698, 0.11168846487998962, 0.09924095869064331, 0.08999323844909668]]]",0.014314959798939526
LSTM,NRMSE,0.043325554579496384,"[[[0.037643589079380035, 0.04905647039413452, 0.05920443311333656, 0.06073671206831932, 0.046353429555892944, 0.03560204058885574, 0.03417178988456726, 0.033552076667547226, 0.03258231282234192, 0.03187274560332298, 0.03162713721394539, 0.031665537506341934, 0.05304303392767906, 0.05826269090175629, 0.05450935289263725]]]",0.014314959798939526
LSTM,R2,0.9919554591178894,"[[[0.9942488074302673, 0.9902501702308655, 0.9859448075294495, 0.9851512908935547, 0.9914831519126892, 0.9949111938476562, 0.9952842593193054, 0.9953957200050354, 0.9956316947937012, 0.9958189129829407, 0.9958715438842773, 0.9958562850952148, 0.9888150095939636, 0.9864835143089294, 0.9881858825683594]]]",0.014314959798939526
Earthformer,MSE,8.41365908854641e-05,"[[[2.5695975637063384e-05, 0.00012987358786631376, 0.00026393320877105, 0.0003017842536792159, 0.00016758634592406452, 6.779450632166117e-05, 4.8971673095365986e-05, 3.3831147447926924e-05, 1.4494776223727968e-05, 5.801378210890107e-05, 1.4145909517537802e-05, 1.0696586286940146e-05, 5.896137372474186e-05, 3.61259953933768e-05, 3.0139797672745772e-05]]]",0.056853980000596493
Earthformer,RMSE,0.007964079268276691,"[[[0.005016348324716091, 0.011231116950511932, 0.015955422073602676, 0.016923798248171806, 0.012583384290337563, 0.007993998005986214, 0.006800912320613861, 0.005757954437285662, 0.003747953800484538, 0.007521151099354029, 0.003742978675290942, 0.003213678253814578, 0.0076620024628937244, 0.005862873047590256, 0.005447617266327143]]]",0.056853980000596493
Earthformer,MaxError,0.15845751762390137,"[[[0.04934650659561157, 0.10748368501663208, 0.15845751762390137, 0.1086263656616211, 0.13472968339920044, 0.0639117956161499, 0.06103849411010742, 0.04057806730270386, 0.02720111608505249, 0.04003196954727173, 0.026168465614318848, 0.021201133728027344, 0.056653887033462524, 0.05873161554336548, 0.048052966594696045]]]",0.056853980000596493
Earthformer,NRMSE,0.016168957576155663,"[[[0.009854473173618317, 0.021718768402934074, 0.028148449957370758, 0.03269104287028313, 0.023318598046898842, 0.012492811307311058, 0.010466502979397774, 0.008824589662253857, 0.006002546288073063, 0.012057779356837273, 0.0059999763034284115, 0.005131369922310114, 0.025328844785690308, 0.02142135426402092, 0.019077252596616745]]]",0.056853980000596493
Earthformer,R2,0.9986459612846375,"[[[0.99961256980896, 0.998104989528656, 0.996809184551239, 0.9956292510032654, 0.9977572560310364, 0.9993531703948975, 0.9995468854904175, 0.999689519405365, 0.9998547434806824, 0.9994174242019653, 0.999858021736145, 0.9998934864997864, 0.9974848628044128, 0.9981207251548767, 0.9985577464103699]]]",0.056853980000596493
UNET,MSE,5.821202285005711e-05,"[[[1.8115681086783297e-05, 7.28036611690186e-05, 0.00015714162145741284, 0.0002125381288351491, 0.00012767982843797654, 6.283761467784643e-05, 4.175317371846177e-05, 2.5609602744225413e-05, 1.68259230122203e-05, 1.1946762242587283e-05, 9.474641046836041e-06, 6.8931790337956045e-06, 3.7165133107919246e-05, 4.1684488678583875e-05, 3.071082755923271e-05]]]",0.020467351840343328
UNET,RMSE,0.00666160648688674,"[[[0.004216876346617937, 0.008369268849492073, 0.01234790775924921, 0.014181086793541908, 0.010892435908317566, 0.0077233766205608845, 0.0062526217661798, 0.004974950570613146, 0.004038634710013866, 0.0034399027936160564, 0.003071271115913987, 0.00261619477532804, 0.006015983875840902, 0.006327399052679539, 0.005456181708723307]]]",0.020467351840343328
UNET,MaxError,0.09033995866775513,"[[[0.03607499599456787, 0.06492835283279419, 0.08352404832839966, 0.09033995866775513, 0.07160425186157227, 0.059133946895599365, 0.05982905626296997, 0.03915274143218994, 0.03414595127105713, 0.0385512113571167, 0.0354648232460022, 0.03517007827758789, 0.04814481735229492, 0.0606730580329895, 0.04931372404098511]]]",0.020467351840343328
UNET,NRMSE,0.013755923137068748,"[[[0.008285981602966785, 0.016196539625525475, 0.021799815818667412, 0.027378644794225693, 0.020181402564048767, 0.012067854404449463, 0.00962182879447937, 0.007624974008649588, 0.006467777770012617, 0.005515091121196747, 0.004923401866108179, 0.004177647642791271, 0.019881047308444977, 0.023116281256079674, 0.019100559875369072]]]",0.020467351840343328
UNET,R2,0.9990056157112122,"[[[0.9997265338897705, 0.9989350438117981, 0.9980948567390442, 0.9969268441200256, 0.9982921481132507, 0.999400794506073, 0.9996137619018555, 0.9997648596763611, 0.9998311996459961, 0.9998800158500671, 0.9999048113822937, 0.9999313354492188, 0.9984171986579895, 0.9978318810462952, 0.9985320568084717]]]",0.020467351840343328
MLPE,MSE,0.010683837346732616,"[[[0.004791215527802706, 0.006365334615111351, 0.012584649957716465, 0.007983618415892124, 0.007916864939033985, 0.018412861973047256, 0.019793199375271797, 0.019930226728320122, 0.01544297207146883, 0.015283931978046894, 0.015374423936009407, 0.01572285033762455, 0.00027149388915859163, 0.00018598460883367807, 0.0001979377120733261]]]",0.011667830760125071
MLPE,RMSE,0.09317318350076675,"[[[0.06915690749883652, 0.07952599972486496, 0.1118471696972847, 0.08926335722208023, 0.08892472833395004, 0.135685995221138, 0.14068683981895447, 0.14117282629013062, 0.12426671385765076, 0.12362753599882126, 0.12399346381425858, 0.12539036571979523, 0.01644030213356018, 0.013585172593593597, 0.014030537568032742]]]",0.011667830760125071
MLPE,MaxError,0.3173699676990509,"[[[0.13572078943252563, 0.21348443627357483, 0.3173699676990509, 0.2304333746433258, 0.225568950176239, 0.25088804960250854, 0.24056798219680786, 0.2217618227005005, 0.17929476499557495, 0.19139939546585083, 0.17526358366012573, 0.17244094610214233, 0.06273460388183594, 0.053869813680648804, 0.0650063157081604]]]",0.011667830760125071
MLPE,NRMSE,0.1612057089805603,"[[[0.1358203887939453, 0.1536567509174347, 0.1972813904285431, 0.1724085807800293, 0.1647794544696808, 0.21199028193950653, 0.21649901568889618, 0.21635378897190094, 0.19897912442684174, 0.19820977747440338, 0.19876807928085327, 0.2002311646938324, 0.054340146481990814, 0.04964222013950348, 0.049125466495752335]]]",0.011667830760125071
MLPE,R2,0.884666919708252,"[[[0.927842378616333, 0.907466471195221, 0.8479411602020264, 0.8842957615852356, 0.8940165042877197, 0.8244705200195312, 0.8168916702270508, 0.8171055316925049, 0.8452851176261902, 0.8464769721031189, 0.8456072807312012, 0.8433242440223694, 0.9884288311004639, 0.9903181195259094, 0.9905329942703247]]]",0.011667830760125071
AT_GRU,MSE,0.00687439227476716,"[[[0.0063058724626898766, 0.007149111945182085, 0.00927939172834158, 0.009091710671782494, 0.008160973899066448, 0.007158887106925249, 0.00661754235625267, 0.006196973379701376, 0.005986709613353014, 0.0062134419567883015, 0.005965226795524359, 0.005804865621030331, 0.006403210572898388, 0.006464049220085144, 0.006317922845482826]]]",0.01781506828032434
AT_GRU,RMSE,0.08266719430685043,"[[[0.07940500229597092, 0.0845496654510498, 0.09622969478368759, 0.09529929608106613, 0.09032488614320755, 0.08460690081119537, 0.08134712278842926, 0.07872060686349869, 0.07737377285957336, 0.07882535457611084, 0.07723485678434372, 0.07618965208530426, 0.08001869171857834, 0.08039822429418564, 0.0794842392206192]]]",0.01781506828032434
AT_GRU,MaxError,0.47090157866477966,"[[[0.38164418935775757, 0.3751946687698364, 0.4195936322212219, 0.47090157866477966, 0.42636173963546753, 0.35335612297058105, 0.3217739462852478, 0.3552076518535614, 0.3011089563369751, 0.32368695735931396, 0.37026411294937134, 0.33238714933395386, 0.38945767283439636, 0.37417858839035034, 0.35072991251945496]]]",0.01781506828032434
AT_GRU,NRMSE,0.17008532583713531,"[[[0.1559876650571823, 0.1634988933801651, 0.16980476677417755, 0.1840907633304596, 0.1673908829689026, 0.1321885734796524, 0.12518310546875, 0.12064366787672043, 0.12389406561851501, 0.12637950479984283, 0.12381160259246826, 0.12166450172662735, 0.2645311951637268, 0.2938566207885742, 0.2783539891242981]]]",0.01781506828032434
AT_GRU,R2,0.8738909363746643,"[[[0.9049327373504639, 0.8957313299179077, 0.887692391872406, 0.8681617379188538, 0.8907021880149841, 0.9317498803138733, 0.9387800097465515, 0.943130612373352, 0.9400202035903931, 0.9375870823860168, 0.9400960206985474, 0.9421551823616028, 0.7268940806388855, 0.6631504893302917, 0.6975809931755066]]]",0.01781506828032434
